<?xml version="1.0" encoding="UTF-8"?>
<layout xmlns="http://reporting.pentaho.org/namespaces/engine/classic/bundle/layout/1.0" xmlns:style="http://reporting.pentaho.org/namespaces/engine/classic/bundle/style/1.0" xmlns:core="http://reporting.pentaho.org/namespaces/engine/attributes/core" xmlns:html="http://reporting.pentaho.org/namespaces/engine/attributes/html" xmlns:swing="http://reporting.pentaho.org/namespaces/engine/attributes/swing" xmlns:pdf="http://reporting.pentaho.org/namespaces/engine/attributes/pdf" xmlns:wizard="http://reporting.pentaho.org/namespaces/engine/attributes/wizard" xmlns:designtime="http://reporting.pentaho.org/namespaces/report-designer/2.0" xmlns:crosstab="http://reporting.pentaho.org/namespaces/engine/attributes/crosstab" xmlns:pentaho="http://reporting.pentaho.org/namespaces/engine/attributes/pentaho" xmlns:table="http://reporting.pentaho.org/namespaces/engine/attributes/table" core:auto-sort="true">
  <style:element-style>
  </style:element-style>
  <report-header>
    <root-level-content designtime:visual-height="108.0">
      <style:element-style>
      </style:element-style>
    </root-level-content>
  </report-header>
  <group>
    <style:element-style>
    </style:element-style>
    <fields>
    </fields>
    <group-header>
      <root-level-content designtime:hideInLayoutGUI="true">
        <style:element-style>
        </style:element-style>
      </root-level-content>
    </group-header>
    <data-body>
      <style:element-style>
      </style:element-style>
      <details-header designtime:hideInLayoutGUI="true">
        <style:element-style>
          <style:common-styles avoid-page-break="true"/>
        </style:element-style>
      </details-header>
      <details>
        <root-level-content designtime:visual-height="108.0">
          <style:element-style>
          </style:element-style>
          <number-field core:field="ORDERNUMBER">
            <style:element-style>
              <style:spatial-styles x="0" y="0" min-width="100" min-height="20"/>
            </style:element-style>
          </number-field>
          <date-field core:field="ORDERDATE">
            <style:element-style>
              <style:spatial-styles x="100" y="0" min-width="267" min-height="20"/>
            </style:element-style>
          </date-field>
          <text-field core:field="STATUS">
            <style:element-style>
              <style:spatial-styles x="367" y="0" min-width="100" min-height="20"/>
            </style:element-style>
          </text-field>
        </root-level-content>
      </details>
      <no-data>
        <root-level-content designtime:hideInLayoutGUI="true">
          <style:element-style>
          </style:element-style>
        </root-level-content>
      </no-data>
      <details-footer designtime:hideInLayoutGUI="true">
        <style:element-style>
          <style:common-styles avoid-page-break="true"/>
        </style:element-style>
      </details-footer>
    </data-body>
    <group-footer>
      <root-level-content designtime:hideInLayoutGUI="true">
        <style:element-style>
        </style:element-style>
      </root-level-content>
    </group-footer>
  </group>
  <report-footer>
    <root-level-content designtime:visual-height="108.0">
      <style:element-style>
      </style:element-style>
    </root-level-content>
  </report-footer>
</layout>
