<?xml version="1.0" encoding="UTF-8"?>
<style xmlns="http://reporting.pentaho.org/namespaces/engine/classic/bundle/style/1.0" xmlns:layout="http://reporting.pentaho.org/namespaces/engine/classic/bundle/layout/1.0" xmlns:core="http://reporting.pentaho.org/namespaces/engine/attributes/core" xmlns:html="http://reporting.pentaho.org/namespaces/engine/attributes/html" xmlns:swing="http://reporting.pentaho.org/namespaces/engine/attributes/swing" xmlns:pdf="http://reporting.pentaho.org/namespaces/engine/attributes/pdf" xmlns:designtime="http://reporting.pentaho.org/namespaces/report-designer/2.0" xmlns:crosstab="http://reporting.pentaho.org/namespaces/engine/attributes/crosstab" xmlns:pentaho="http://reporting.pentaho.org/namespaces/engine/attributes/pentaho" xmlns:table="http://reporting.pentaho.org/namespaces/engine/attributes/table" xmlns:page="http://jfreereport.sourceforge.net/namespaces/reports/legacy/ext">
  <page-definition horizontal-span="1" vertical-span="1" pageformat="LETTER" orientation="portrait" margin-top="72" margin-left="72" margin-bottom="72" margin-right="72"/>
  <layout:watermark designtime:hideInLayoutGUI="true">
    <element-style>
    </element-style>
  </layout:watermark>
  <layout:page-header designtime:visual-height="72.0">
    <element-style>
    </element-style>
  </layout:page-header>
  <layout:page-footer designtime:visual-height="72.0">
    <element-style>
    </element-style>
  </layout:page-footer>
</style>
